{
  "input_video_shape": {
    "x_len": 1280, 
    "y_len": 720
  }, 
  "target_image_shape": {
    "x_len": 2657, 
    "y_len": 1890
  }, 
  "object_coord_in_ref_frame": {
    "top_right": {
      "y": 317.592529296875, 
      "x": 864.607177734375
    }, 
    "bottom_left": {
      "y": 695.82879638671875, 
      "x": 343.69418334960938
    }, 
    "bottom_right": {
      "y": 686.3646240234375, 
      "x": 886.93182373046875
    }, 
    "top_left": {
      "y": 320.45773315429688, 
      "x": 363.20065307617188
    }
  }, 
  "reference_frame_id": 0
}